121	111	117	114	115	44
121	111	117	114
121	111	117	110	103	101	114
121	111	117	63
121	111	117	46
121	111	117	44
121	111	117	39	114	101
121	111	117	39	100
121	111	117	33
121	111	117
121	101	97	114	115	46
121	101	97	114	115
119	114	105	116	101
119	111	117	108	100	110	39	116
119	111	117	108	100
119	111	114	116	104	121
119	111	114	115	101
119	111	114	108	100	115	46
119	111	114	108	100	115
119	111	114	108	100	46
119	111	114	108	100
119	111	114	107	115	63
119	111	114	107	115	46
119	111	114	107	101	100	46
119	111	114	107
119	111	110	39	116
119	105	116	104	111	117	116
119	105	116	104
119	105	115	104	101	115
119	105	110	100	105	110	103
119	105	108	108
119	104	121
119	104	111
119	104	105	109	115
119	104	105	108	101	44
119	104	105	108	101
119	104	105	99	104
119	104	101	114	101
119	104	101	110
119	104	97	116	101	118	101	114
119	104	97	116	63
119	104	97	116	39	115
119	104	97	116
119	101	114	101	46
119	101	114	101
119	101	108	108	44
119	101	108	108
119	101	108	99	111	109	101	46
119	101	97	112	111	110	105	122	101	100
119	101	97	107	46
119	101	44
119	101	39	114	101
119	101
119	97	121	46
119	97	121
119	97	118	101	115
119	97	116	99	104	105	110	103	44
119	97	115	104
119	97	115
119	97	114	115	44
119	97	114	46
119	97	114	44
119	97	110	116	101	100
119	97	110	116	46
119	97	110	116
119	97	110	110	97
119	97	105	116	44
119	97	105	116
118	111	105	100
118	105	114	117	115	46
118	105	111	108	101	110	116
118	105	108	108	97	105	110
118	101	114	115	105	111	110	115
118	101	114	115	105	111	110
118	97	114	105	97	110	116	115	46
118	97	114	105	97	110	116
118	97	108	117	101
117	115	117	97	108	46
117	115	101	114	115	44
117	115	63
117	115	46	46	46
117	115	46
117	115	44
117	115
117	112	46
117	112	44
117	112
117	110	116	105	108
117	110	105	118	101	114	115	101	115
117	110	105	118	101	114	115	101
117	110	105	110	105	116	105	97	116	101	100	46
117	110	100	105	115	99	111	118	101	114	101	100	46
117	110	100	101	114	115	116	97	110	100	46
117	110	100	101	114	115	116	97	110	100
117	110	99	104	101	99	107	101	100	44
117	104	44
117	104
116	119	111
116	117	114	110	115
116	117	114	110	101	100
116	117	114	110
116	114	121	111	117	116	115	46
116	114	121	105	110	103
116	114	121
116	114	117	116	104	46
116	114	117	115	116	46
116	114	117	115	116
116	114	117	101
116	114	117	99	107	108	111	97	100
116	114	105	101	100
116	114	97	118	101	108
116	114	97	100	101	46
116	111	117	99	104	101	115
116	111	112
116	111	111	116
116	111	111	107
116	111	111	46
116	111	109	111	114	114	111	119	44
116	111	108	100	46
116	111	108	100
116	111	46
116	111
116	105	114	101	100	44
116	105	109	101	108	105	110	101	44
116	105	109	101	46
116	105	109	101	44
116	105	109	101
116	105	108	108
116	104	114	111	119	115
116	104	114	111	117	103	104
116	104	111	117	115	97	110	100
116	104	111	117	103	104	116
116	104	111	115	101
116	104	105	115	46
116	104	105	115
116	104	105	110	107
116	104	105	110	103	115	46
116	104	105	110	103	115
116	104	105	110	103	46
116	104	105	110	103	44
116	104	105	110	103
116	104	101	121	39	114	101
116	104	101	121	39	108	108
116	104	101	121
116	104	101	115	101
116	104	101	114	101	44
116	104	101	114	101
116	104	101	110	63
116	104	101	110
116	104	101	109	115	101	108	118	101	115
116	104	101	109	63
116	104	101	109	46
116	104	101	109	44
116	104	101	109
116	104	101	105	114	115	46
116	104	101	105	114
116	104	101
116	104	97	116	63
116	104	97	116	46
116	104	97	116	45	45	110	111	116
116	104	97	116	44
116	104	97	116	39	115
116	104	97	116
116	104	97	110
116	101	114	114	111	114	105	115	109
116	101	110
116	101	108	108	105	110	103
116	101	108	108
116	101	99	104	110	111	108	111	103	121
116	101	99	104	110	105	99	97	108	108	121
116	101	97	114	115
116	101	97	109	63
116	101	97	109
116	97	107	101	115
116	97	107	101	110
116	97	107	101	44
116	97	107	101
116	97	98	108	101
115	119	101	101	116	104	101	97	114	116	46
115	117	114	118	105	118	101
115	117	114	114	111	117	110	100	105	110	103
115	117	114	101
115	117	112	101	114	104	117	109	97	110
115	117	103	103	101	115	116
115	116	117	100	121	44
115	116	114	101	110	103	116	104	46
115	116	114	97	105	103	104	116
115	116	111	114	101	46
115	116	111	112	112	101	100
115	116	111	112
115	116	111	111	100
115	116	111	110	101
115	116	105	108	108
115	116	105	99	107	115
115	116	97	121
115	116	97	114	116	115
115	116	97	110	100
115	116	97	99	107	101	100
115	113	117	97	108	111	114	44
115	112	114	101	97	100
115	112	111	116
115	112	101	110	116
115	112	101	99	105	101	115	46
115	112	97	99	101
115	111	117	116	104	46
115	111	117	108	44
115	111	111	110	44
115	111	110	115
115	111	110	103
115	111	110	46
115	111	110
115	111	109	101	116	104	105	110	103
115	111	109	101
115	111	108	118	101
115	111	108	117	116	105	111	110	46
115	111	108	101
115	111	108	100	105	101	114	115
115	111	99	105	101	116	121	46
115	111	99	105	101	116	121
115	111	44
115	111
115	109	105	108	101
115	109	101	108	108	115
115	109	97	108	108	44
115	109	97	108	108
115	108	105	100	101
115	107	105	101	115	46
115	105	116	116	105	110	103
115	105	116
115	105	110	115
115	105	110	99	101
115	105	109	112	108	101
115	104	111	119	105	110	103
115	104	111	119
115	104	111	116	44
115	104	111	101	115	46	39
115	104	97	114	101	100
115	104	97	114	101
115	104	97	109	46
115	104	97	109
115	104	97	107	101
115	104	97	100	111	119	115
115	101	116	116	108	101	44
115	101	114	105	111	117	115	63	39	46
115	101	114	105	111	117	115	63	39
115	101	114	105	111	117	115
115	101	108	102	105	115	104
115	101	108	102	45	100	101	102	101	110	115	101
115	101	108	102	45	99	111	110	103	114	97	116	117	108	97	116	111	114	121
115	101	101	110
115	101	101
115	101	99	114	101	116
115	101	97
115	99	114	111	117	110	103	105	110	103
115	99	114	97	112	115	46
115	99	111	114	101	46
115	99	105	101	110	116	105	115	116
115	99	104	111	111	108
115	99	104	101	109	101	114	115	46
115	99	104	101	109	101	114	115
115	99	104	101	109	101	114	46
115	99	104	101	109	101	114	44
115	99	101	110	97	114	105	111	46
115	99	97	114	115	63
115	97	121	115	44
115	97	121	45	45
115	97	121
115	97	118	101	100	44
115	97	118	101	100
115	97	118	101
115	97	110	100
115	97	109	101
115	97	108	118	97	116	105	111	110	46
115	97	102	101	116	121
115	97	102	101	46
114	117	110	110	105	110	103
114	117	110
114	117	108	101	114	44
114	117	105	110	115
114	117	105	110	46
114	111	111	109
114	111	99	107	101	116	115	46
114	111	98
114	111	97	100	115	44
114	105	103	104	116	63
114	105	103	104	116
114	105	103
114	105	100	100	97	110	99	101
114	105	99	104
114	101	118	101	114	115	101
114	101	118	101	108	97	116	105	111	110
114	101	118	101	97	108	101	100
114	101	116	105	114	101	100
114	101	115	111	117	114	99	101	115
114	101	115	111	117	114	99	101
114	101	115	101	114	118	101	115	46
114	101	115	101	97	114	99	104	44
114	101	109	105	110	100
114	101	109	101	109	98	101	114
114	101	103	97	114	100	108	101	115	115
114	101	101	108	101	99	116	105	111	110	46
114	101	99	114	117	105	116	115
114	101	99	107	111	110
114	101	99	101	105	118	101	100
114	101	97	108	108	121
114	101	97	108	105	122	101	100
114	101	97	108	105	116	121	44
114	101	97	108	105	116	105	101	115
114	101	97	108
114	101	97	99	116	105	111	110
114	97	99	101
113	117	105	116	63
113	117	101	115	116	105	111	110	101	100	44
112	117	116	115
112	117	116
112	117	114	112	111	115	101
112	117	114	101
112	117	98	108	105	99
112	114	111	116	101	99	116
112	114	111	111	102	46
112	114	105	110	99	105	112	108	101	44
112	114	105	99	101	46
112	114	105	99	101
112	114	101	118	101	110	116
112	114	101	115	115
112	114	101	115	101	114	118	101
112	114	101	112	97	114	105	110	103
112	114	101	103	110	97	110	116	46
112	114	101	99	105	111	117	115
112	111	119	101	114	102	117	108	44
112	111	119	101	114	102	117	108
112	111	119	101	114	63
112	111	119	101	114
112	111	116	101	110	116	105	97	108
112	111	115	115	105	98	108	121
112	111	115	105	116	105	111	110
112	111	108	105	116	105	99	105	97	110	115
112	108	111	116	116	105	110	103
112	108	97	110	115	46
112	108	97	110	115	44
112	108	97	110	101	116	46
112	108	97	110	101	116
112	108	97	110	63
112	108	97	110	34	46
112	108	97	110
112	108	97	103	117	101	44
112	108	97	99	101	44
112	105	99	107
112	101	114	115	111	110	97	108	44
112	101	114	115	111	110	97	108
112	101	114	105	111	100
112	101	111	112	108	101	46
112	101	111	112	108	101
112	101	97	99	101	46
112	101	97	99	101
112	97	121
112	97	116	116	101	114	110	46
112	97	116	104	101	116	105	99
112	97	114	116	115
112	97	114	97	100	105	115	101	46
112	97	110	105	99	115	44
112	97	110	105	99	115
112	97	108	44
111	119	110	46
111	119	110
111	118	101	114	46
111	118	101	114	44
111	118	101	114
111	117	116
111	117	114
111	116	104	101	114	115	46
111	116	104	101	114
111	114	103	97	110	105	122	97	116	105	111	110	44
111	114	103	97	110	105	115	109
111	114	100	101	114	115	63
111	114	100	101	114	44
111	114	100	101	114
111	114
111	112	112	111	114	116	117	110	105	116	121
111	112	101	114	97	116	105	111	110
111	112	101	110
111	110	108	121
111	110	101	46
111	110	101	44
111	110	101
111	110	99	101
111	110
111	108	100
111	107	97	121	63
111	102	102
111	102
111	98	115	101	115	115	101	100
111	98	101	121	101	100	46
111	98	101	121	101	100
110	111	119	104	101	114	101	46
110	111	119	46	46	46
110	111	119	44
110	111	116	105	99	101	100	63
110	111	116	104	105	110	103
110	111	116	46
110	111	116	45
110	111	116
110	111	115	116	97	108	103	105	97	46
110	111	115	101	46	39
110	111	100
110	111	98	111	100	121
110	111	98	108	101
110	111	46
110	111
110	105	103	104	116	44
110	105	99	101
110	101	120	116	63
110	101	119
110	101	118	101	114
110	101	101	100	115
110	101	101	100
110	97	116	117	114	97	108
110	97	109	101	115
110	97	109	101	100
110	97	109	101	63
110	97	109	101	46
109	121	115	101	108	102
109	121
109	117	108	116	105	112	108	121	44
109	111	118	101	46
109	111	118	101	44
109	111	118	101
109	111	117	116	104	46
109	111	115	116
109	111	114	101
109	111	110	111	112	111	108	121
109	111	110	101	121	46
109	105	115	116	97	107	101	110	46
109	105	110	100	115	33
109	105	110	99	101	114
109	105	108	108	105	111	110
109	105	103	104	116
109	105	100	100	108	101
109	101	116	104
109	101	115	115	101	100
109	101	114	101	108	121
109	101	110
109	101	101	116
109	101	97	110	116
109	101	46	46	46
109	101	46
109	101	44
109	101	33
109	101
109	97	121	111	114
109	97	121
109	97	116	116	101	114
109	97	114	99	104
109	97	110	121	46
109	97	110	121
109	97	110	97	103	101
109	97	110	46	39
109	97	110	46
109	97	110	44
109	97	110
109	97	109	109	97	108	115	46
109	97	109	109	97	108
109	97	109	97
109	97	107	101
109	97	105	110	116	97	105	110	101	100	44
109	97	105	110	116	97	105	110
109	97	100	101
109	97	99	104	105	110	101
108	111	121	97	108	116	121	63
108	111	118	101	100	44
108	111	118	101
108	111	116
108	111	115	101	115
108	111	111	107
108	111	110	103	101	114
108	111	110	103	44
108	111	98	98	121	105	110	103	44
108	105	118	101	100
108	105	118	101	46
108	105	118	101
108	105	116	116	108	101
108	105	107	101	44
108	105	107	101
108	105	103	104	116
108	105	102	101	116	105	109	101	115	46
108	105	102	101	46
108	105	102	101
108	101	118	101	108
108	101	116
108	101	115	115	111	110
108	101	102	116
108	101	97	115	116	44
108	101	97	114	110	105	110	103
108	101	97	114	110	101	100
108	101	97	114	110
108	97	119	46
108	97	119	44
108	97	117	103	104	105	110	103
108	97	115	116
108	97	110	100	115
108	97	100	105	101	115
107	110	111	119	115
107	110	111	119	110
107	110	111	119	108	101	100	103	101	46
107	110	111	119	63
107	110	111	119	46
107	110	111	119	44
107	110	111	119
107	110	105	102	101	46
107	110	105	102	101
107	105	116	99	104	101	110
107	105	108	108	101	100
107	105	108	108
107	105	100	46
107	101	101	112
106	117	115	116	105	99	101	46
106	117	115	116
106	117	100	103	101	100
106	111	105	110	105	110	103
106	111	105	110
106	101	114	107	46
105	116	115	101	108	102	46
105	116	115
105	116	63
105	116	46	46	46
105	116	46
105	116	44
105	116	39	115
105	116
105	115	115	117	101	46
105	115	111	108	97	116	101	100
105	115	110	39	116
105	115	108	97	110	100	44
105	115	63
105	115	46
105	115
105	110	116	111
105	110	115	116	105	110	99	116	115	44
105	110	115	116	105	110	99	116	105	118	101	108	121
105	110	110	111	99	101	110	116	46
105	110	105	116	105	97	116	101	100	44
105	110	103	101	110	117	105	116	121
105	110	99	111	109	105	110	103	46
105	110
105	109	112	114	111	118	101	46
105	109	112	114	111	118	101
105	109	112	111	114	116	97	110	116
105	109	112	111	114	116	97	110	99	101
105	102
105	100	105	111	116	115
104	117	110	103	114	121	63
104	117	110	103	114	121	46
104	117	110	103	114	121	44
104	117	109	97	110	115
104	117	109	97	110
104	117	104	63
104	111	119
104	111	117	115	101
104	111	114	114	105	102	121	105	110	103	33
104	111	114	110	44
104	111	112	101	100
104	111	109	101	46
104	111	109	101
104	109	109	109	63
104	105	115	116	111	114	121
104	105	115
104	105	109	46
104	105	109
104	105	103	104	108	121
104	105	103	104
104	101	114	115	101	108	102	46
104	101	114	111	101	115	46
104	101	114	111	101	115
104	101	114	111
104	101	114	101	46
104	101	114	101	45	45	119	104	101	110
104	101	114	101	44
104	101	114	101
104	101	114	44
104	101	108	100
104	101	97	114	116	46
104	101	97	100	115
104	101	97	100
104	101	39	115
104	101
104	97	118	105	110	103
104	97	118	101
104	97	116	101
104	97	115
104	97	114	110	101	115	115	101	100
104	97	114	109	111	110	121	46
104	97	114	100
104	97	112	112	101	110	115
104	97	112	112	101	110	101	100
104	97	105	114	46	39
104	97	100	110	39	116
104	97	100
103	117	121	115	33
103	117	121
103	117	110	115	44
103	117	101	115	115
103	117	97	114	97	110	116	101	101	100
103	114	111	117	112	115	45	45	118	105	103	105	108	97	110	116	101	115
103	114	111	117	112
103	114	101	119
103	114	101	97	116	101	115	116
103	114	101	97	116	101	114
103	111	116
103	111	111	100	44
103	111	111	100
103	111	110	110	97
103	111	110	101
103	111	105	110	103	46
103	111	105	110	103
103	111	101	115
103	111
103	108	111	98	97	108
103	105	118	101	115
103	105	118	101
103	105	114	108	102	114	105	101	110	100
103	105	114	108
103	101	116	115
103	101	116
103	101	110	116	108	101	109	101	110	44
103	101	110	116	108	101	109	101	110
103	97	115
103	97	110	103
103	97	109	98	105	116	46
102	117	114	116	104	101	114
102	117	110	110	121	44
102	117	108	108
102	117	108	102	105	108	108
102	117	99	107	105	110	103
102	117	99	107	101	100	46
102	117	99	107	101	100
102	114	111	109	44
102	114	111	109
102	114	105	101	110	100	115	44
102	114	105	101	110	100
102	114	101	97	107	115
102	114	97	103	105	108	105	116	121
102	111	117	110	100	97	116	105	111	110
102	111	117	110	100
102	111	114
102	111	111	108
102	111	108	108	111	119	115
102	111	108	108	111	119	105	110	103
102	108	111	119
102	105	114	115	116	46
102	105	114	115	116
102	105	110	105	116	101	46
102	105	110	105	116	101	44
102	105	110	101	46
102	105	110	101	44
102	105	110	101
102	105	110	100
102	105	108	108
102	105	103	117	114	105	110	103
102	105	103	104	116	105	110	103
102	105	103	104	116
102	105	101	110	100	46
102	101	119
102	101	108	108	97	115	46
102	101	108	108	97	115	44
102	101	101	108	105	110	103	115
102	101	97	114	46
102	97	116	104	101	114
102	97	116	101
102	97	115	116
102	97	114
102	97	109	105	108	121	46
102	97	109	105	108	121	39	115
102	97	109	105	108	121
102	97	109	101
102	97	105	114	33
102	97	99	101	46	39
102	97	99	101	46
102	97	99	101
101	120	116	105	110	99	116	105	111	110
101	120	112	108	97	105	110
101	120	112	101	114	105	109	101	110	116	105	110	103
101	120	112	97	110	115	105	111	110	46
101	120	105	115	116	46
101	120	105	115	116
101	118	111	108	118	101	46
101	118	105	108	44
101	118	101	114	121	119	104	101	114	101	46
101	118	101	114	121	116	104	105	110	103	44
101	118	101	114	121	116	104	105	110	103
101	118	101	114	121	111	110	101	46
101	118	101	114	121	111	110	101
101	118	101	114	121
101	118	101	110	116	115
101	118	101	110
101	116	99	46
101	115	116	97	98	108	105	115	104	101	100
101	114	117	112	116	101	100
101	113	117	105	108	105	98	114	105	117	109
101	112	105	112	104	97	110	121	46
101	110	118	105	114	111	110	109	101	110	116	44
101	110	101	109	121	46
101	110	100	101	100
101	110	100	44
101	110	100
101	110	99	111	117	110	116	101	114	101	100
101	108	101	99	116	114	105	99	46
101	102	102	105	99	105	101	110	116
101	97	116
101	97	115	121	44
101	97	115	121
101	97	114	115	44
101	97	114	110	101	100
101	97	99	104
100	117	114	105	110	103
100	117	98	98	101	100
100	114	117	109	115
100	114	117	103	115
100	114	117	103
100	114	105	110	107	101	114
100	111	122	101	110
100	111	119	110	115	105	100	101
100	111	110	39	116
100	111	108	108	97	114	115	44
100	111	103	109	97	46
100	111	103
100	111	101	115	110	39	116
100	111	101	115
100	111
100	105	122	122	121
100	105	118	101	114	103	101
100	105	115	101	97	115	101	44
100	105	115	99	111	118	101	114	101	100
100	105	115	97	112	112	114	111	118	101	63
100	105	115	97	112	112	101	97	114	101	100
100	105	110	111	115	97	117	114	115
100	105	110	110	101	114	46
100	105	103	114	101	115	115	46
100	105	101	44
100	105	100	110	39	116
100	105	100
100	105	99	116	97	116	111	114	44
100	105	99	101
100	101	118	105	108	44
100	101	118	101	108	111	112	115
100	101	115	116	114	111	121
100	101	115	116	105	110	121	46	46	46
100	101	115	105	114	101	115	46
100	101	112	111	115	101
100	101	102	101	110	100
100	101	102	101	97	116	101	100
100	101	102	101	97	116
100	101	99	105	100	101	115	46
100	101	99	105	100	101	100
100	101	99	101	112	116	105	111	110
100	101	97	100	46
100	101	97	100
100	97	121	46
100	97	121
100	97	117	103	104	116	101	114	115
100	97	114	107	110	101	115	115
100	97	114	107	46
99	117	114	101	46
99	114	117	101	108	44
99	114	111	119	110
99	114	111	115	115	102	105	114	101
99	114	101	97	116	117	114	101
99	114	101	97	116	101	100
99	114	97	122	105	101	114
99	111	117	112	108	101
99	111	117	110	116	114	121
99	111	117	108	100	39	118	101
99	111	117	108	100
99	111	115	116
99	111	115	109	105	99
99	111	114	114	101	99	116	105	111	110	46
99	111	112	115
99	111	110	118	101	110	105	101	110	99	101
99	111	110	116	114	111	108
99	111	110	116	97	99	116	46
99	111	110	115	117	109	105	110	103
99	111	110	115	117	109	101	100	46
99	111	110	113	117	101	114	111	114	46
99	111	110	113	117	101	114	101	100	46
99	111	109	109	105	115	115	105	111	110	46
99	111	109	101	115
99	111	109	101
99	111	108	108	97	112	115	101	46
99	111	103
99	108	101	97	114
99	108	97	115	115	105	102	121
99	108	97	114	105	102	121	46
99	105	116	121
99	104	111	115	101
99	104	105	108	100	114	101	110
99	104	101	99	107	101	100	44
99	104	97	115	105	110	103
99	104	97	114	103	101	115	46
99	104	97	111	115	63
99	104	97	111	115	46
99	104	97	110	103	101
99	101	114	101	109	111	110	121
99	101	110	116	117	114	121	46
99	101	97	115	101
99	97	117	103	104	116
99	97	116	97	99	108	121	115	109	105	99
99	97	115	101	46
99	97	114	116	101	108
99	97	114	115	46
99	97	114	114	121
99	97	114	101
99	97	112	97	98	108	101
99	97	110	110	111	116
99	97	110	99	101	114
99	97	110
99	97	109	101
99	97	108	108
99	97	108	99	117	108	117	115	46
99	97	103	101	46
98	121
98	117	116	44
98	117	116
98	117	115	105	110	101	115	115
98	117	114	105	101	100
98	117	114	101	97	117	99	114	97	99	121	46
98	117	108	108	101	116	115	46
98	117	105	108	116
98	117	105	108	100
98	117	100	100	121	44
98	117	100	100	121
98	117	99	107	101	116
98	114	111	117	103	104	116
98	114	105	110	107
98	114	105	110	103
98	114	101	97	107
98	114	97	110	99	104	101	115	46
98	114	97	105	110	119	97	115	104	105	110	103
98	114	97	105	110	39	115
98	111	121	46
98	111	116	104
98	111	114	110	46
98	111	114	110
98	108	111	119	110
98	108	111	111	100	46
98	108	105	110	100	105	110	103	46	46	46
98	108	97	100	101
98	105	116	46
98	105	108	108	105	111	110	115
98	105	103	103	101	115	116
98	101	116	119	101	101	110
98	101	116	116	101	114	63
98	101	116	116	101	114	46
98	101	116	116	101	114
98	101	116	114	97	121	101	100
98	101	116	114	97	121
98	101	115	116	46
98	101	115	116
98	101	108	111	110	103
98	101	108	108	105	101	115
98	101	108	105	101	118	101
98	101	105	110	103	115
98	101	105	110	103
98	101	103	97	110
98	101	102	111	114	101
98	101	101	110
98	101	100
98	101	99	111	109	101	115
98	101	99	111	109	101
98	101	99	97	117	115	101
98	101	99	97	109	101
98	101	97	115	116	39	115
98	101	46
98	101
98	97	116	116	108	101
98	97	110	103	101	114
98	97	99	107	46
98	97	98	121	46
97	119	101	115	111	109	101
97	119	97	121	46
97	117	116	104	111	114	105	116	121
97	116	116	101	109	112	116	115
97	116
97	115	115	104	111	108	101	63
97	115
97	114	109	111	114	121	46
97	114	101	110	39	116
97	114	101	97	46
97	114	101	97	44
97	114	101	46
97	114	101
97	110	121	116	104	105	110	103
97	110	121
97	110	111	116	104	101	114	44
97	110	111	116	104	101	114
97	110	110	105	104	105	108	97	116	101
97	110	100	44
97	110	100
97	110	97	114	99	104	121	46
97	110
97	109	117	115	101
97	109	63
97	109	44
97	109
97	108	119	97	121	115
97	108	114	101	97	100	121
97	108	111	110	103
97	108	109	111	115	116
97	108	108	121	46
97	108	108	45	111	117	116
97	108	108
97	108	105	118	101	44
97	108
97	104	101	97	100	44
97	103	111	44
97	103	103	114	101	115	115	105	118	101
97	103	101	115
97	103	101	110	116	115	46	46	46	116	111
97	103	101	110	116	46
97	103	101	110	116
97	103	101
97	103	97	105	110	115	116
97	102	116	101	114
97	100	111	112	116	101	100
97	100	100	101	100
97	99	116	117	97	108	108	121
97	99	116	105	118	105	116	105	101	115	46
97	99	116	105	111	110
97	99	116
97	99	104	105	101	118	101
97	99	99	101	112	116	101	100	46
97	98	111	117	116
97	98	105	108	105	116	121
97	98	100	117	99	116	101	100	44
97
95	95	95
89	111	117	114
89	111	117	39	114	101
89	111	117
87	111	114	107	105	110	103
87	111	110	100	101	114	102	117	108	33
87	105	110	116	101	114	102	101	108	108
87	104	111
87	104	105	99	104
87	104	101	110
87	104	97	116	39	115
87	101	115	116	101	114	111	115	46
87	101	108	108	44
87	101
87	97	121	110	101	46
87	97	114	100	101	110
87	97	114	46
86	105	99	116	111	114	121
85	115	105	110	103
85	112	115	101	116
85	108	116	114	111	110	58
85	103	104	46
84	111
84	105	109	101	45	75	101	101	112	101	114	115
84	104	111	115	101
84	104	105	115
84	104	101	121	39	108	108
84	104	101	121
84	104	101	114	101	39	115
84	104	101	114	101
84	104	101	110	46	46	46	73
84	104	101	110	44
84	104	101	97	116	114	105	99	97	108	105	116	121
84	104	101
84	104	97	116	39	115
84	104	97	116
84	86	65	46
84	86	65	44
83	116	105	102	108	105	110	103
83	116	97	116	101	115	109	97	110
83	116	97	114	107	115	63
83	116	97	114	107
83	111	63
83	111	44
83	111
83	108	105	100	101
83	104	97	108	108
83	104	97	100	111	119	115	46
83	104	97	100	111	119	115	44
83	101	114	105	111	117	115	108	121	44
83	99	104	101	109	101	114	115
83	97	110	115	97
82	111	111	115	101
82	105	103	104	116
82	101	109	97	105	110	115	44
82	101	97	108
82	97	99	104	101	108
82	97	39	115
81	117	105	110	106	101	116	46
80	114	101	103	110	97	110	116
80	101	111	112	108	101
80	101	97	99	101
79	110	101
79	110	99	101
79	104	46
79	104	44
78	111	119	44
78	111	119
78	111	116	104	105	110	103
78	111	116
78	111	114	116	104
78	111	112	101	46
78	111	112	101	44
78	111	98	111	100	121
78	111	97	104	46
78	111	46
78	111
78	97	116	117	114	97	108	108	121	44
78	97	114	99	105	115	115	105	115	116	105	99	44
77	121
77	117	108	116	105	118	101	114	115	97	108
77	114	46
77	111	110	101	121	39	115
77	111	110	101	121
77	111	109	109	121
77	111	98
77	101	114	108	105	110	46
77	97	107	101
77	73	84	44
76	111	118	101
76	111	111	107
76	105	116	116	108	101
76	105	102	101	108	111	110	103
76	105	102	101	46
76	105	102	101
76	101	116	39	115
76	101	116
76	101	97	103	117	101
76	97	110	110	105	115	116	101	114	115	44
76	97	110	110	105	115	116	101	114	46
75	114	121	112	116	111	110	46
75	114	121	112	116	111	110
73	116	39	115
73	116
73	115	110	39	116
73	115
73	110	116	114	111	100	117	99	101
73	110	115	116	101	97	100	44
73	110
73	102	44
73	102
73	45	73	45	73
73	39	118	101
73	39	109
73	39	108	108
73	39	100
73
72	117	109	97	110
72	111	119	101	118	101	114
72	111	119
72	109	109	63
72	105	46
72	101	121	46
72	101	110	99	101	44
72	101	110	99	101
72	101	108	108	44
72	101	108	108
72	101	39	100
72	101
72	97	114	118	101	121	46
72	97	114	114	121
72	97	112	112	121
71	117	121	115
71	114	101	97	116	46
71	114	101	97	115	101	46
71	114	97	116	101	102	117	108	108	121
71	114	97	102	102	105	116	105	46
71	111	114	100	111	110	39	115
71	111	111	100	46
71	111	111	100
71	111	108	100	101	110
71	111	105	110	103
71	111	100
71	111
71	104	117	108	39	115
71	97	108	97	104	97	100	46
70	111	114	109	101	100
70	111	114
70	108	97	115	104	63
70	108	97	115	104	46
70	108	97	115	104	44
70	108	97	115	104	33
70	105	110	101	46
69	120	112	108	97	105	110
69	120	99	101	108	108	101	110	116	46
69	118	101	114	121
69	118	101	110
69	111	110	115
69	97	115	121
69	97	114	116	104
68	117	112	108	105	99	97	116	101	100
68	111	110	39	116
68	111	101	115
68	111
68	97	121	115	46
67	108	105	109	97	116	101
67	105	114	99	108	101	46
67	105	114	99	108	101	44
67	104	97	114	108	101	115	44
67	73	65
66	117	116
66	114	117	99	101	63
66	111	108	116	111	110
66	105	110	103	111	33
66	101	99	97	117	115	101
65	116
65	115	107
65	110	103	101	108	44
65	110	100
65	109	101	114	105	99	97	110
65	108	108
65	108	105	111	116	104
65	104	44
65	103	101	110	116
65	102	116	101	114
65	100	109	105	114	97	98	108	101	46
65
53	48	115
51	49	115	116
50	48
46	46	46
39	101	109
39	99	97	117	115	101
39	87	104	121
39	84	104	97	110	107	115	44
39	79	104	44
39	76	101	116	39	115
39	73
34	112	97	114	116
